id,salt
575d24d81d,0
a266a2a9df,1
75efad62c1,1
34e51dba6a,1
4875705fb0,1
782ae9b7e7,1
9842f69f8d,0
aa94cfb806,1
50d3073821,1
28f865caaa,0
b5e1371b3b,1
57e394bc67,0
b45ad3932e,1
ef51bbcde7,0
d4d34af4f7,1
302ea1ac81,1
40dcff68b3,1
7845115d01,1
3da729cae9,1
d67e3a11d8,0
b3396387a6,1
a5471f53d8,1
d27831fef2,1
7faea04242,1
9747413253,0
b9614348f4,1
4696bb53e6,1
fc250f574c,1
005b452274,0
02117a400e,1
4e4cadf03f,0
1ee0d5b4d0,1
fdc28cafdc,1
2bc8a3db3c,1
35fd991255,1
68a2df3195,1
3be0c0be8e,0
1f0b16aa13,0
9bf982cf65,1
36aa21019e,1
d422a9eb8f,0
e0b6a1211f,0
5e3c2aa2bb,0
d3f3db7bd1,0
0b176124c4,1
368f635c4c,0
eabe9337a9,1
c4f2799234,1
50290e75f9,1
06289f69f8,1
3f8634704b,0
f328eccbf3,1
9f0ebbd210,1
dd5a90cf89,1
5b836d2444,1
6c3a9009c8,0
1263576548,1
5edb37f5a8,0
3f8a8f4715,1
75e041fbd8,1
58777a8c79,1
b2899a1188,0
428a877104,0
13209940d7,1
d0319f0ec5,1
b92ff69b44,0
9e9f3940a9,1
728890d8f8,1
754cfc4b80,0
127ef4105f,1
42758bb41a,1
4e6855dbae,1
4a12baccc4,0
3281bb7282,1
f1774ff8e8,1
628ea36ba6,0
95a60e2f42,1
e2421eee13,1
fcb49356a5,0
63feb8de2b,0
992572448c,1
0926b7396b,0
8f407b64ae,0
e667f4d290,0
7deaf30c4a,1
28553d5d42,1
be565e046b,0
b183b2ddc4,1
cf11876547,0
495a2d3c7c,1
a536f382ec,0
8fb68e99e8,0
a8247ac73a,0
9f3b8d0186,1
05be75afd9,1
e4159ed1de,1
3ed6d1c7df,1
7977cbab6f,0
b221ece24b,1
29d8bf3a4c,0
400e66f34e,1
4b522e501e,1
7fadb8efe8,1
702209f0b3,0
1d93614392,1
fd1be18f7d,1
670d9655d5,1
c72b546073,1
6a1783be17,1
b4f6d6f1aa,1
b525824dfc,1
e353ae4dd5,1
9ca84742ef,1
f057258486,0
393048bc6c,0
684555a30a,0
cae1a9f23f,1
525be73de5,0
5c7f310937,1
edf47afe46,0
a05ae39815,0
97515a958d,0
0898e36ee6,0
89a74723fd,0
9a48617407,0
d26e890704,1
1cad8c327b,0
db548fd037,0
cd1b2e49f4,1
1e4c96a9cd,0
f712d8b870,1
47aba1e35c,1
51e82eaa5b,0
535503063e,1
1ab49f29e9,0
8320911258,1
99909324ed,0
87d58438cc,0
9d462381b0,0
ab18a0a7fa,1
40a571cf0f,1
a076699b79,1
f45dbe6541,1
a9e940dccd,0
3de0c773e1,1
9fbd3ca3b5,0
340fe814a3,1
f65a52f375,0
e6674212ce,0
e030bdae65,1
da082ec985,1
737e6513c8,1
ef29bdffc6,0
7e9e46174c,1
a774562f5e,0
e92f67b3c7,1
b506085af9,1
948d73d7c2,0
ef654c1b73,0
cddb50fb4b,1
2a070f3dc6,1
40d01e18a0,0
62966dffd3,0
54dd074cd7,1
75d70e2411,0
eab589e1f2,0
9dcb043fa9,1
2f5377ea9d,1
db32e0961b,1
3634f29aac,1
c2e9f328e3,1
676d100540,0
a21afccc50,0
7d8b219e1c,1
057eae4f34,1
3116a9d54c,0
1c02222ef8,1
24a8ae9bb9,1
132e30cffd,1
dca83468d2,1
6c91546a57,0
5d752d6d4a,0
836eedd4a7,0
36e68393b6,1
697f80cece,0
53dab98a36,1
287aea3a3b,0
34d2af0f86,0
d3b6c08868,0
b80db32c01,0
62d6a9b673,0
96f8fd0d4b,0
045c5516a2,1
51846d4c96,0
0429d9759b,1
d8b2dc2e8a,1
962348be7a,1
8d141a0b7a,1
fd0d237b01,1
71d3bf0ea8,1
3edc3edf92,1
86c1109730,1
b5bdff9392,1
4702cdd4f0,1
baa743f4b4,1
ac412e6d55,1
6493c2cbab,0
d538594e14,0
a86acaf330,0
483b35d589,1
4b2af55ae6,1
8c1d0929a2,0
d629a56d3c,0
c450f9d7f4,1
40d96e8022,1
5ef096aeac,1
83bb4578eb,1
57e0cff707,1
96049af037,0
4d33311a1e,0
de1142326e,0
8daa7e48d1,1
7504d73df8,1
34b32c5b5d,0
960f92cf81,0
78f17697f2,1
0df375dc9c,0
0fea4b5049,1
8c477d6abf,1
3cc59342bd,1
726a0d854d,0
216aa6275d,1
8ddaea54ce,1
f342603c76,0
f456e3161d,1
86fe531971,0
b57e98a275,1
71438f26ec,1
d800abe6a4,1
51b639314d,0
a7b918d80e,1
f0c401b64b,1
a93c251217,0
c613a090a4,1
d765e53b37,1
c9da9c3d42,1
dfc8a378b7,1
e5a22d144d,0
f4e6928ad4,1
9385125b12,0
c901f669f8,1
89dfb7ba1d,1
6b996daecc,1
13037dfbb2,1
b74ecdfe20,1
eabed5b2b4,0
c78c89577c,1
e2f397d206,1
75c554378e,0
e446b0b4b6,1
203f6117be,1
7e737a6cc6,1
1efe1909ed,0
1825fadf99,0
106a222c7c,1
691dc0bc42,1
cc4344175e,1
19e749d0b1,0
e875c9a960,1
d7cf3bf4e9,1
5aa0015d15,0
ee5e9e4570,1
849881c690,1
d7398cfded,1
042c3d4e03,1
8c976149d0,1
9d173ec22a,1
8c88cf3d22,0
fba91bfec8,0
82e88d973f,0
c1c54ad4ba,0
395e668f22,0
4848a3a509,0
d9fb5b47e2,1
4985566e7d,0
a554d2d4a3,0
a4e8ba21d1,1
401b591c07,0
79fed5a697,0
9736389261,0
2717821409,1
ccd6841e90,0
8e13060816,0
24f27c4087,1
a9df598e16,0
5a3c38104c,1
a0ea88f6a5,0
299ba3cf34,1
82c340f4e5,1
4be85a3110,1
36f9ab3ee0,1
483372b203,1
0249c49180,1
56ac5605d2,0
99817a653e,0
cdc7d77e77,1
86866ba71d,1
d7a53f942a,0
690b1ce5f7,1
3f22f2ef0e,0
6ddd6a2ec1,1
f9b7196dfc,1
59ceec4f7c,1
16589f0702,1
a3e0a0c779,0
a9ee40cf0d,1
66e922c8d6,0
19bd49e478,1
c83d9529bd,1
17d70fee5c,1
5e95137d5f,0
de95e861ac,0
2f20c083c2,0
c593c662f1,0
cc6abe337d,0
104ce199d8,1
03eed26d3e,0
0aab0afa9c,1
99d3fbf9f1,1
af71ca4ab3,1
0cf9c803b8,1
ecdd648857,1
7aef9898fa,1
05be526826,1
4a5dd4ab45,0
0eacc93ff3,1
ea3cdbd7cd,1
811ebdcc4b,1
aa36cc5b96,0
1bf062bda2,1
2d20ee4eff,1
1804a4c064,1
16e308dbc3,1
2fa330e8fd,0
5bbcd70d2f,0
3fd0ef2d38,1
cef624f327,0
12bf4f2d3b,0
e437c3912d,1
8a02b4a1b7,0
f170afca54,0
20894faad9,0
2af3c055b2,1
27a240a570,0
2e69b6eb16,0
c67832ba86,0
253ee294d9,0
73a2f6fb22,1
ca6bdbc405,0
026b509cd4,0
9a672bfb51,1
99bf605daa,1
d31e3fbfdc,0
9ad32f3c66,1
9ade7d33f2,0
930a21d485,0
eb958a5cc8,0
055ec918b9,1
5ce554e890,1
3c9931bca2,1
173dd2f369,0
d45b4f3b85,1
335474f8ec,1
f7e555a0aa,1
638d8572e9,1
20b26a6ea7,0
268d39db25,1
3e1c11cfa8,1
cf706fb35a,1
6d1afa9d46,0
e98557c9f3,1
082d2910a8,1
e8757626a1,0
2ae425e5a3,1
211fc910da,0
df56e7aaad,0
687dd94fee,0
ac90c088ee,0
8b09c914be,0
d17f801011,0
52667992f8,1
9ce55dc2c9,1
bfb0e22b53,1
58135d5189,0
8a58fe70f8,0
4bd876a71c,0
bab30e51b8,0
4f3368a855,1
8db5bf9be2,1
1439570aec,0
246d86ba32,1
9790f7880b,1
d99612d949,0
35bbf1302b,1
81491224d7,0
ce1f9711bc,0
502b97b954,0
fd51e63c83,1
6ea5191e2a,1
f9a3d103d7,1
ea9dfe6f60,1
0280db420c,1
c5caa57f2f,0
2af008d773,1
8bc707feee,1
3ed6168b22,1
27870bb184,1
ba1287cb48,1
437fbb64d4,0
43a9c21cea,0
9898ce93d6,1
4279e747a0,0
44e3f20074,1
613fb95edf,1
2b723b8474,0
e204511fd2,1
1a4278325d,0
25dc959ebd,0
9ae45b19d3,0
d308ec69d3,1
ed52743a1b,0
2ee6e81e4b,1
86f2fd7025,1
6a6b42a6f2,1
bce4cdea7f,0
8d839a365b,0
065ce5590e,0
11a54f2eff,0
25143d7837,1
21d01a8e82,0
1495558064,1
f0e99e9761,1
e86361f5d1,1
a4e90eef39,0
cfe4dd9f7e,0
5c87971507,0
697af33de9,0
5446a64ba5,1
a39388bd3f,0
0642bbbc5f,0
95bdc8b506,0
71ef380e21,1
3bd3216e16,0
358b9acfb5,1
bea9b0571b,1
5bb48ef0ea,1
36ad52a2e8,1
5fe4e3f5e6,0
e1ce826217,1
7e40cdf1f3,1
39a05bf91f,1
cb677fab7a,1
dae96d99b2,0
f87154ea7b,1
91a0ac314c,0
d2ea97ca4e,1
0aabdb423e,1
90f37a2a28,0
60bbd166a4,0
6e3c46c2d3,0
75fb579aa2,1
ca511bc319,1
7af84fef71,1
76e1428103,1
6e1bb2e64a,1
a7f7a964f5,0
89097ab99b,1
7df431274e,0
a24080b4a0,1
96d917e53d,0
e24e9afdd1,0
38e018ea0f,1
3ca252f526,1
d82b80a555,1
851498c095,1
3501da04b2,0
4766b51055,1
6a57dfd211,0
a5c6cde207,0
ca78405cea,1
40aaac97b1,1
9a6cf411ff,1
b2d7897c35,0
96998d1ad9,0
ed081aa065,1
8b44342fd9,1
61eb86f1ad,0
91b91fd79b,1
d2c800e9f5,1
38dfaadc68,0
e53c2e8771,1
a8503e0dc8,1
1abf3d7f60,1
c37f7c51e9,1
aeba5383e4,1
63193879b4,1
c20069b110,0
c43b8533c4,0
2b76b47947,1
395726930f,0
c0aa0c7b66,0
7796858a9b,1
4b3502ca99,1
2fd6d25adb,1
822043d604,1
044106f759,1
c701db91e2,1
178d777950,0
caccd6708f,1
1a8a17f220,0
7f01757d4c,1
bfc47bbe13,0
966fb0cdbb,1
7ede03dede,1
a18073f2a2,0
90d2cdb32d,0
61b42f8f0e,1
f5a0acc480,1
c9c0097eff,1
816c9d6d5d,1
2e8bf3f7b3,1
00441f1cf2,0
d0cba16846,1
d30e73de0c,1
1f805e4733,1
7eb42fe5ec,0
526d63530a,1
46b7364b81,1
1af44a9db0,1
b45f9383e9,1
7c6221dbb8,0
44425dc49d,0
2fb152d905,1
368767c9fd,0
b13f0dbc84,1
6d2a5a2fe2,1
ea2f1fa62f,1
c4b05c2eaa,1
9a4f625408,1
3ee87f1ea6,1
d6437d0c25,0
76c76f8056,1
9a1fbef3e3,1
2596227117,1
49fe2ee7ba,1
89e7c93d0c,1
6b377327b1,1
71c0fd5516,0
868e7a70ae,0
a446aa0ac8,1
33dfe8b243,1
b461a5b584,1
a19163fc11,0
cb4f7abe67,1
5343d4837c,1
500683ce7e,1
37e16a5404,1
287d035464,0
adf2a57778,1
bc5ee94de7,1
eeb18519bc,0
14152a6731,1
ad297bfd03,0
976eb05465,1
0df9f16bc9,1
e2e4fcf83e,1
d7e93ff9c2,0
fa08ffa6fb,0
ce0e9def63,1
13483cd62a,1
d3fdfb9e8f,0
b04c03e3d4,0
32f4fd66ae,0
6d4fca6a35,1
12d09b9fa4,1
5fc8bb94aa,1
e0cfbbcb0c,1
11a14b9fcd,1
010ee525b6,0
f4f0fd932e,1
7e58c5a1f6,1
a65aa82e0a,0
c0ffa90c4a,0
7c6f76a267,1
5395202313,1
438443e0d3,0
e26c381bd4,0
3bbf82fc28,0
cd5c9532e4,1
bce104494c,1
ddd0be8fd5,0
60b7303d20,0
904f3fc07a,1
78299d7a47,0
abcc448c24,1
cc2da77c17,1
466030918d,1
7fc1ce1cb4,1
8b5232fcfa,0
db0238e5c7,0
74ab2a9b1a,0
bd20d18369,1
2ffea0c397,0
c95d3f1510,1
23eb8cfbc0,1
8811181716,1
d0bbe4fd97,1
4d6121dae0,1
e61d42e6cf,1
5b72ade49e,0
75ad49564c,1
a9ebb78977,1
886c96ffb8,1
99aefa9443,1
04711cb760,1
16b2119ffa,1
066e0ce4c3,1
3cf0203cfb,0
08dc3c9a23,0
bcae7b57ec,0
1aef65e24b,1
f8ba90c991,0
7a9610078a,0
475fafb8e2,0
80363d0458,0
32273eef45,1
530f759c6f,0
f6c49acac0,0
e7da2d7800,0
7db9b53d89,1
314db606fd,1
3984ed8d4e,0
10b19bd1f8,1
0a7e067255,0
7cc53fe88b,1
365abbdf77,1
d2aa4238f7,0
a32a4a2256,1
deaa0ab2b8,1
877f9dd0a7,0
2a00ecc904,1
3ddb2ff7a4,0
12e859e91d,1
4b0bf2f4a1,0
52aa9a9703,0
85cf79a2cb,0
e045664b46,1
07ac7e530f,1
b9fe322e38,1
1a288f27bf,0
1d685060b2,0
6752a6815f,0
6ec6e26ddd,1
35ba6f2faf,1
071c81c9ad,0
d1f8ba2f02,1
9447159eb7,1
fe6e74532c,1
36db23ceb8,1
39400e0443,0
2a6477aee8,1
7b9facc0aa,0
0c0f001366,1
7524d9b7bf,1
bb9ad7c38d,0
184356736e,1
0243477802,0
690514a3e4,0
e8e8b96a84,0
3a3281b37d,1
3ec0423139,0
99b602dde4,1
504c4a71d2,0
6d46f994ac,0
3c35e3ad94,1
6f438c26f8,0
393f2db0b0,1
1544a0e952,1
6c49b277aa,0
61bd2ee822,1
e560423302,1
4a7418a5e6,1
9fe6cf976f,1
9b29ca561d,1
e23a93a95e,1
97e2c6b5c5,1
45180088a6,0
9b4aa94aed,0
db02a30bb8,1
576fd5de16,0
ff1e8ed948,1
aeebdd4350,0
ad2113ea1c,0
9e64fc57aa,1
590e6bdbef,1
24e98d224a,0
3cb59a4fdc,1
b329b390e4,1
29fd4ba626,0
c0a37fef54,1
f646560aa9,0
96857148ca,1
c112748161,0
ea7425da00,0
e05db130be,0
4cfee4b097,1
b24d3673e1,1
855f399924,1
6c45d80d1e,1
17dd87aefa,1
114d62da56,1
80694aa70f,1
3a7bbd73af,0
7f826d312e,1
eaefc56247,1
fadd6aa446,1
2d5f4b0213,0
323882f716,1
70c082d59e,1
db1eeaebb4,1
a1b5786252,0
58ad72a266,1
4f349b5ab8,0
190febf6cd,1
07bb074759,0
6a0f5a8b42,1
2c45b152f1,1
d96af7c9cc,0
2fb6791298,0
a1526d3c6e,1
1d93cf8169,0
fc1ca2fbc8,1
977f897477,1
b0d8f26ad8,1
f9ef613aec,1
964030c032,1
e8f3e42b14,1
d768234bb5,1
41895b0f40,0
e8cf12563d,1
7c9c98aa11,0
0ee8a744eb,1
6d9be2f492,1
66073ddce1,1
989ac5a9de,1
e7442307b1,1
b2c6b8cf57,1
4680bc7373,0
f6e87c1458,1
299ef808f6,1
afd0b385f2,1
b749a000ea,1
2c3c64402e,1
27de423ad3,1
c230cf2a94,1
3f76f25042,1
356fa48ac4,0
ec50263c20,1
0ff9f243e5,0
1d0c2fa004,1
730bddcc02,0
f1d488759e,1
5ad4b1d1ff,0
df8c73e52b,1
90b1ba3bb5,0
430ef30e87,0
0bdd44d530,1
296de39be2,1
b112d9993c,1
d9cf4a6e42,1
90791c2417,1
1da21e7498,0
d31c506913,0
68b593f903,1
b858ccf692,0
65d05b81c6,1
d16591547d,1
ee94d2281f,1
8cf3a6a6f5,1
1f6afee5ca,1
3a33e1eb89,1
e7a5e5e55f,0
c2ca0ed857,1
80a458a2b6,1
231fc4e8e5,1
2a71003f75,1
19843b4e95,0
7ed0489985,1
5c9326f1e4,0
c58b6277c7,1
c0565001a3,1
b540435ae7,0
443985b709,1
903180c447,1
1f1e11aee4,1
0937b1df3f,1
932529c83d,0
22e7cc183f,1
026f97575b,0
ec2664c4cf,0
70b6a2347f,1
2fe186a2c6,1
8ce5996371,1
196cffdb4b,1
1d2c8152bd,0
7b79d341cf,0
9bbb4c7c34,1
5b86544456,0
c385af3da9,0
62f822b156,1
07a81dccdc,1
4336ac847e,0
6bc4c91c27,1
86bc03a8a6,1
53de66df2a,1
918548e472,0
13f448be07,1
0ad0876244,0
8bb7245636,0
f41a025b6c,0
fff4eb4941,0
d967181724,1
9c5c26e2ba,0
b942b38a45,1
ce14d335bf,1
9819277faa,1
572f0b1ad8,1
8f1fbec1e6,0
71a7c521ef,0
74d574653f,0
0589f557d7,1
cd249859fa,0
9a6c280d8d,1
e82162c83c,0
ffe228a7e3,1
6cb11aa807,1
bfd1d7caa1,0
52020f0fd4,1
a112a63d2d,1
52fdbf981f,1
5ebe9e404d,1
f85054273a,1
eed6c66da4,0
594712691d,0
cde14bb8d2,0
6a3f8feaea,0
94c8aad517,1
9b3d4b0379,0
3218afdc84,1
2a484baa26,1
113b017a91,1
dd9a94a797,0
f115ca6981,1
4c7e3c71e6,1
26000ba320,0
7242ab00b6,1
00cda0328c,0
7ed79f8f56,1
fcbc5cef9d,0
7555f79a2c,1
6c61beb5dd,0
62a0ee9480,0
1a28f06897,0
6a89c7a85d,1
a568cc8273,1
43a1dbb062,0
74fa9386ae,0
4514686882,0
45fb16d378,1
c387a012fc,1
2eea9d51a4,0
1017084680,1
5f397e0074,1
fb58510ec6,1
7d9f0dacd0,1
12e94a5a08,1
a6ec5aa914,1
dcb1eee6e3,0
ff2c353279,1
fdc06fea10,0
268baf2d43,1
48b8dda801,0
6fe2b681e4,1
7d0cea3489,1
2578042000,1
9b1f59b89c,1
934cd14205,1
65aadb6f53,0
e813f3d1bf,1
1a37af90c1,0
4b873df7a2,1
a35ba23a41,0
7c41f727b9,0
14bba6af57,0
d3f2336daf,1
dde0ee264b,1
bbf6b192be,0
dfae9e48e8,1
cd69ee839f,1
9f224c71b1,1
ec406285e8,1
9d5d4bf0f1,0
05c7033694,0
3f5adbdcc7,1
3c6fe4b7ba,0
0f3118527c,0
5bb976391e,0
efd1625f2a,1
9bdfa54912,1
641d0227e7,1
db1aa8e608,1
0bca43f7ff,1
2c707479f9,1
3a310860a3,1
a708e52d7c,0
052de39787,1
74de17e9c0,1
ceeaafc4fc,0
c3a963f5e3,1
ee0be71990,1
c756ff4e1f,1
d5023a3662,1
2ce9c36a98,1
09b9330300,1
578b502c6d,1
a6f4e0f8b5,1
d289692ab8,0
34205cc12b,0
89af21b6ee,1
c073b8930c,1
976fcded4d,1
802df9bb5e,1
8b5d38c547,1
d991b7a689,1
3792be0845,1
5f7c5c59f5,0
1bfe4907c1,1
f992390442,1
4e5d643b2f,1
a37249665e,1
db840e1e22,1
62e608259a,1
56810440c4,0
2bf5343f03,1
1ff0aa7f05,1
10e1c8e23a,0
8367b54eac,1
6b2f79f6ff,1
7582c0b2e9,0
04e7e791e2,0
95f6e2b2d1,1
725d92524a,1
9e9ce2e1ce,0
efec1f093e,0
944b46458e,0
09152018c4,1
7a2cca4fe5,1
8e2e3afdb5,1
e476b868ef,1
04315b9a64,0
6c557220d3,0
7c6a2df039,1
618f843c7a,1
e7c54b5f4e,1
5f8f40ce31,0
d6379c1f18,1
1af9e4bbd8,1
f2ffcf3de5,0
4d1efb19d7,0
590e32af63,1
fa25724a62,0
212ba67b51,1
5489419bef,1
d567ba2b49,0
06a361fc57,1
6c95018d5c,1
18449e54f8,0
60d3607be2,1
b3ad13d9e9,1
e1984bebe3,0
b8f92fbe45,1
ad3c6dd8d4,0
89dc091930,1
6b4d65ac6a,1
417833daa4,0
b552fb0d9d,0
5103df3d79,0
03511989ac,0
f870e41e88,1
cafb1294ae,0
3a58606814,1
17e67f9ce4,0
49d061af38,1
b07d4da735,0
6cc7ba6c56,1
cb974e60ca,1
645abba5ec,1
ede36de5cc,0
e7ee2c6dce,0
64e79513a3,0
0a0814464f,1
54cfa66336,0
5aca18a605,0
25845ace3d,0
d2bd2fe97f,1
52a0f74bfe,0
e3cded005d,1
4d04dcd959,1
0c62dfc234,0
92a6b22052,0
29b25b5f03,0
26ec6ef9df,1
da5ab3d506,1
aac747667e,0
324eb2ec65,1
3ced3ed63e,1
5948185d4d,0
c0ef23e386,1
4e86258646,1
e021227dbd,0
e82b7a2abb,0
45b5f91d83,1
30d4fb116b,1
b76b065012,1
ac5f676fa3,1
a1585a58b8,1
c68ee0308f,0
4085f8522d,1
34bd0facd2,1
1c8f6881ac,1
999ae650f6,1
cb9d520cf9,1
5c70da6c2d,1
54dd4658d1,0
48b63017da,0
be18a24c49,1
de08c5a3b7,1
97970b5e2c,1
dbcfdf17a3,1
64e050f295,0
458a05615e,1
f8e67987c6,0
331ec135dd,1
d73189228f,0
30787ad7df,1
c10ff1398a,1
af84304233,1
7a0c8915be,1
116bd22fd0,1
804fcfaf4b,1
321f21e02f,1
46f402dcd5,0
2edf2e3e05,1
ec3130dd0b,1
cf7abfc8bb,0
21ec084221,1
1afddc8196,1
98870eab9e,1
a0b1d96545,1
72e1a1b225,1
912b573a9e,0
b6f907680a,1
d8fca64ebf,1
3404341cc6,0
3276e900a7,1
e12cf83477,1
543acdb5f7,1
2ff32a1188,1
23a7afcb36,0
7d48474434,1
1a2d060823,0
2fbde8630d,0
23afbccfb5,1
0c6ec35477,1
5ff89814f5,0
a2530b4c45,0
3fe0ac38f0,1
ae11c7b131,1
2fe4adfd48,0
3b05fe7a3f,1
73a4c6a4bb,1
7cf386709a,1
fe4f6ff284,1
aebff18bf9,1
51e8e6bfc4,0
5673036fa1,0
0d9adabb2c,1
849ccdf3af,0
3dbbc237c5,1
d00d1ea52b,0
f3220c3590,1
27c035c5ae,1
95a87f8ad9,0
954502fb12,1
95d3841a53,1
81c1149163,1
1ad819c49a,1
8a4671cb47,1
b172bd2032,1
44f2ea3584,1
ef753a06c7,1
653c7e9f6c,1
f43f1e7456,1
25bbbcd4a4,1
aa9eb3a110,1
1abe5e8a3d,1
d5a283c553,1
44edd661a0,1
dccd2d9d48,1
0cc1d0e4c4,1
fb5adc8df0,1
f5d1176e33,0
b12a5a2b61,1
fd998a993b,1
bb9af788f8,1
e060d5ca41,0
b3b37c152d,1
48db3b8c5f,1
c4adb6e891,0
b839f805f9,1
9494906f54,1
58de316918,1
ff24769ea3,0
956c91fe94,1
f87365827d,1
ace37eaaf9,1
cb0d3e8399,0
f70f3b7b95,1
62aad7556c,1
843e8ec44e,1
1b8d100712,1
f7b1bd7c8a,1
70e9442b06,0
d453812357,1
29a1b18e79,1
dbb4b51e4a,0
38673ade97,1
a49edf33ae,0
e0fb508d51,0
8db9dc4a62,1
28ad4e60c5,1
51179a1815,1
5f8b4540fd,0
de5a329823,0
5f48c8c123,0
8cb6f8581b,1
1a5c093750,0
9fdb6afc56,1
42a3baf571,1
08173ef66c,1
b9c2f9550a,0
a89d1999ec,1
1e4a233a70,0
28a1187a4e,0
58f752db3b,1
e5a8368ee6,0
8174aba668,1
494daad56b,1
75eaea4cdb,1
6abe55deaf,0
a0219e8fa4,0
3e3431be2f,0
3d0acb5c90,1
0c02f95a08,1
8ebceef687,1
7588e9645a,1
b1dc23a427,1
47729d4ee5,0
ebff5f719e,1
48a18f5386,1
83be4b6836,1
8b0d16466b,1
b09f0e743d,0
4541761ba4,1
d83a74a082,1
cc216a861c,0
28a9c6e5fe,0
71a5b1da57,1
6d55cabc8d,0
07e08eee37,1
b240778420,0
fc944f4e1f,1
fdb7d132be,1
fa70e3da06,0
1ee82dabee,1
2da8da57e1,0
4608c638bd,0
9086ac3a68,1
6b5b7c0ff3,1
7bf203a987,1
24522ec665,1
691fec8ce2,1
5e0d2e6c25,0
3577258d6b,0
ddcb1ad560,0
78b2d05419,1
9667824566,1
f0b5a05a6e,1
69013a70ab,1
088a402727,0
9fac28f3df,0
8e48de3b3b,1
c9ffc53f25,1
5d0a9c5b0e,1
9b31db4e58,0
44ccc2d846,0
f959f79b64,0
84723e7793,0
62df3565cd,1
ceb69201df,1
47bd268dcd,1
572cb220d2,1
ab767aef7f,0
2615b5210d,0
367c6fb412,0
d58653f803,1
c2973c16f1,1
212f074587,1
96523f824a,1
df5df272fb,0
4210e9e5d3,0
32599d97bb,0
f7c147ac61,0
9d98768f19,1
6ab003835b,1
d35af24206,1
53eb356632,1
a91bd88bc1,0
7d0b2f2046,1
b1f0e104f5,1
22a889c9fc,0
d1f7d2876b,1
b9afd7b728,1
d14db20055,0
eed279a71a,0
0f4637e4b7,0
63e32c0cfb,1
65dc362682,0
c038f6fbe4,1
74d7a9df8b,1
a803fc87d1,0
c9a2990f76,1
5cb2496125,0
440534c8dd,1
b345b1f290,0
4575e490e4,0
2fe0292eea,0
21e1d6e38d,0
f950879320,0
4be0764138,0
e6a78e36b5,1
b97918ac08,1
f78674d646,0
a8e5845bf9,1
255e6ef6a9,0
e6ab700d15,0
93a0cb5111,0
1c37e37fbf,1
941d0865da,0
f724f78b1a,0
7aebdeb9a7,1
d66bb0c151,0
1d955f8103,0
939879034e,1
ad6e3961d4,1
b1e590d1c9,1
568d119e66,1
23a17b87e7,0
a41357f553,1
2af240d261,1
44f5dd71ab,0
705eb5d67a,0
52914952d6,1
6153c227de,1
8270908d6a,1
843447abe4,0
cffbfab33b,1
14dcf18fb6,1
de51e77a38,0
665e84dc42,1
76ae1014bd,0
abe36055e8,0
49f22705ea,0
5f3b26ac68,1
bb8c452bb6,1
e9909298a9,1
bb697642ae,0
f4784e4f1f,0
8c9a0ea088,1
f641699848,1
93f8f9e663,1
89ad7a93d6,0
0a1742c740,1
651b2c01bc,1
3822f73c1c,1
5cf1f1e7f0,1
ec7522391d,0
4329ab8cf6,0
659193a103,0
0fd38464c3,1
fd4741392b,1
71d10659ad,0
520fdf987c,0
fe9e558605,0
1267729ffd,1
fa92bed2b1,0
70c8e14243,1
e0bde1cf11,0
074673a5f1,0
33f32ff406,0
a1e32a6815,1
41a4f7424e,1
a60daba969,1
c7408f1d38,1
7ab70da99b,0
465486e6ec,1
466548defe,0
236a5cc090,1
31ca053bec,1
ad29bc8923,0
4a5595076f,1
638e7a825e,1
384d50db49,1
0c62ed4494,1
4c4556fff0,1
42d64f2d78,1
dab1d67df7,1
f1395b9e13,0
81e9af5ee2,1
dfe111dace,0
cf241124b1,0
fa3e7cb3f5,0
5b8dc086ff,1
5fd2a3ef64,1
fa59461848,1
9d12bb050d,0
b51c130238,1
f9645c1acf,0
6c4568e51c,1
973a4f6dad,1
7d5c34a95a,1
4514d46495,0
1f7e3eef06,1
5be9925bca,1
23b7bf14c5,1
31b1314c62,1
346358e652,1
0280deb8ae,1
85fe62d2d6,0
3c1d07fc67,0
8adaa82868,1
f0ea2421f0,0
e51bea30d0,1
a6c2605919,1
d9a52dc263,1
2b30313d2c,1
50b3aef4c4,1
9a478d8cf2,0
019afb4b4e,1
930183efe5,1
1379940546,1
badc44bb99,0
cd5cd074f1,1
9bd58061d6,1
da689f1bca,1
77abc5ed21,1
4db68c7d25,1
e4d9d1178c,0
d353a74b66,0
5ec6db5c9d,0
18ac660fbb,1
f5ffe74512,1
1c6f7aac78,0
b8dea42e1a,1
26808abb2d,1
9e7d89d4c0,0
9c4c524983,1
1f8bf8c5d0,0
66fed16154,1
1a4ffa4415,0
56ced19ad6,1
2556c23489,1
28948eeb9c,0
7f30236ca4,0
d1665744c3,0
e3755d5769,0
3da64841d8,1
eec46ec66b,1
d71ca6d32c,1
a3ff13b1e1,0
db75c6831e,1
92e617896e,0
38232d1fe3,1
657f2c34f7,1
4a27de03fc,1
8d89d465fc,1
17c6355815,0
0ddcd3fd1a,1
a4442fef48,1
5468ed796d,0
5df9874c5b,0
351ea99ec3,1
226eeb7c67,0
60dccbc52f,1
6dea52e54d,1
96f26f6397,1
31d35c7c1d,1
9a91290888,0
f06ef6c8b7,1
e5a6b92463,1
d1c9be7e25,1
76761b2a41,1
b937f4558c,1
642c62a158,1
558b11d1b8,1
b9fcc34ef3,1
fd949b5ab7,1
711e8ac5ba,0
de7af15747,1
6aff151236,0
cd6ed7690d,1
9bf8f84094,1
cae4ec68c0,0
59dabe134f,0
a5ccb4f8d9,0
71d7482240,1
a31e485287,0
669cb42011,1
47048ac10a,1
7d963e0f5d,1
10ecfda568,0
dce4c70a99,1
06c2c49688,0
92895cb54f,1
a2a9c0c00a,1
e880e84886,1
39cd06da7d,1
1cc428e57e,1
b194549062,0
455d05742a,0
fa01eb7fdf,0
f429b8e6f8,1
52ac7bb4c1,1
7ebd3f0cdd,0
4d58e8d8ff,1
7c0b76979f,1
b60fbb288b,1
ba6970504c,1
d4d2ed6bd2,1
60698e8fd2,1
20658e781f,0
a4a2921863,0
5fd411e302,1
1b5a148cd3,0
0115703825,1
18590f686a,1
3e8b5729dc,1
0d3b5ec2a8,0
6a29fbd74b,0
185172060e,1
a898892737,1
c38e2a42e3,1
859f623d32,0
c8d70d9c3d,1
204c4657d5,0
778a92f420,1
9fd1beec08,0
ed6f9dfa22,1
e0da89ce88,0
2b2fc71ee1,1
99c726d528,0
8d73c4f678,1
cbe33c57c4,1
0ba541766e,1
aa1d903842,0
4b44c94892,1
4c89e94e36,1
13fb17bf13,0
b6e57d954e,1
73c6a1ede1,1
55f1ea73b3,0
7d14f8cfe3,1
5b435fad9d,1
8ab2399b4a,0
a71bdf1af7,1
6e3bb2a882,0
751a212e82,0
2f3eff4192,0
7f3e8a8526,0
a667ba911e,0
2fc6fb555f,0
5d6126f459,1
ad16edc8be,1
be7014887d,1
de15d35ebc,0
e6f86c83e2,1
03049b14ca,0
a9b7fa7e0d,1
ff038e87b1,1
306e6e7743,1
c20c019650,1
07fef26d18,0
f503aaf699,1
e0751c41fd,1
91dfba8133,0
21df07989f,1
4d9fa2d97f,1
16bee00afc,0
cbed0283ff,1
0558ee87d3,1
4520536c03,1
a8ebba8c1e,0
f121c06f1f,0
1b2c817dd0,1
abb1521de8,1
9258e48804,1
6d03f91961,0
3e84576386,1
5187e13789,0
41e173a1e5,1
f75842e215,1
312c4ce754,0
7b0c7e28f0,1
30ff4f38cf,1
ced8d25446,0
216e2a7492,1
1c687fea93,0
ca2e414e83,0
2a16af2ae7,1
7469baeb8d,1
ba67135a54,0
57302cf4b6,0
86abf1c96d,0
64bfdd0b9a,1
b93d143e4b,0
543f5887a2,1
e4be64c1fb,1
8ec207d7df,0
069035a9b5,1
c26ff00bfd,0
bb455284f1,1
bc5382bc71,0
4743e3bf8d,1
a33fe0952a,0
93d21b7636,0
98c6496076,1
a1fe3de7bb,1
3d0f8c81ce,0
efbfde4930,1
8e9f2b9b61,1
5f45291a7a,1
a5805697c1,1
0a31d7553c,0
b0a7056a04,1
ac6055e7ce,1
f841c6dee7,0
dfe230b677,1
dcca025cc6,0
73a3712fcd,1
0adb490de5,1
d49a9c4664,0
533a731c99,0
602dc99f10,0
7f0bdb5e31,1
efe3e72587,0
c23d957c59,1
46bbe12b2c,1
ceef85bdc0,1
fde2b51fb2,1
ccc41663c6,1
1e2bad4d81,1
c4f5a0fa36,1
a9a9fb1747,0
ee48914076,1
dd6a04d456,1
d8aebd0f86,0
eb84dfdf18,0
939232310f,0
a15b73d4bb,0
1169f5b1fb,0
f2f0278d02,1
380dea2a5a,0
97b058f254,0
155bcd4b4d,1
32062fff08,1
29df15c1ce,0
a00d2b180c,1
e172f09faa,1
1d798aa5d5,1
d61e5c8296,0
27d0d9af30,0
d204ea9f09,0
f1080b61e2,0
416101e57a,0
8f2087a1f5,0
f0ec542987,0
f234066134,1
e335542c17,1
d859ee2145,1
37df75f3a2,0
e2ba31c4a5,0
617c746fca,1
792929a4c8,1
6313ab72dc,0
6b95bc6c5f,0
8650153427,0
e12aab98e6,1
bd51537256,0
eec5e72dad,1
8620f40403,1
59944f0f92,1
9cf8fe7f96,1
0ae08cc1b2,0
a8be31a3c1,0
ca58996278,0
6bffabbd91,0
2f35ac4b87,1
da02c9184d,1
eaeb630ff4,0
f26e6cffd6,0
3187bf5c2d,0
7b078e7517,1
9a3abd0ba6,1
bd526ca9af,1
b10fa280bf,1
b8525600cf,0
5b2282b51e,1
f62410bce9,1
49a90688bf,1
d0cd29a61b,0
05139ad3e5,0
bcf322c1c0,0
d175b3b3cc,1
5bffe3b52f,1
f8f7ed86fc,0
65a55b69b7,1
1f73caa937,0
dd81358234,0
e11123ab8b,1
566ac48e00,1
d885813aa8,0
3ec30a713c,1
571b14e631,0
ea2d80c951,0
e02ae4f371,0
c092a99d23,1
10f3d01ddb,1
813d6ad4ba,0
d7f48d294e,1
eb4fa16734,0
ce15cc1d1a,0
fba32825cd,1
46386ca4a3,1
0304e9ac37,1
36a6901cae,1
b2b0cd95a4,0
33b50159a7,0
5fa536d1fd,1
9466e21e0d,0
bebf415bd1,1
b33d57c4be,1
285b9ba056,0
0db1b4c199,0
10f24c23af,1
62d30854d7,1
e1323691be,1
848c9d1a6a,1
d66e51d456,0
b355ed119c,0
b012e9ebb0,1
c60eaa0c75,1
f0dc7e30fc,0
18b26e968c,1
be1c8cbf1f,1
94c2d96e56,1
343b0359b5,1
b40457631c,0
a33e7de189,1
8693030eb3,1
cadb46b378,1
503aba826b,0
c202c25557,1
6d9b6a2c4b,1
f425a67987,1
3ee1cfb6a6,1
e82421363e,0
18ea3802ca,1
d7196745e5,0
1c0b2ceb2f,0
9358b1fa7a,1
aedad85e8c,1
b966734278,1
a7f4b8d36e,1
3c30b8e27b,1
4edadcf4c4,1
0d19f89dc9,0
6ebb6826bd,1
af0e101aae,0
77acb619e7,1
336e1995cd,0
217a70a0cb,1
a970e82aac,1
b0a18e86c7,0
4c7f2b2c18,1
f4ed280779,0
c06ce71f9a,0
128f3b0e36,1
abfed46705,1
7c7125fd12,1
3b4be071a8,1
e45c509f80,1
14c6a2d399,0
b83bc9dfa7,0
ad1e8ef844,0
87725b728a,1
e340e7bfca,0
6e1444d88d,1
c353af5098,1
1d4e60eafa,1
ec817961a2,1
6f78817a2d,1
33887a0ae7,1
3eabf280ed,0
9a9ff1beca,1
e1921d9a0d,0
1b61e02423,1
e93ddc6ba7,0
1a2918c9b4,1
c47c5ea1c3,0
3507f73405,0
308a9348e0,0
fbb8eba26d,0
aa1c0ba47b,1
bedb558d15,0
70ca8ebf7b,1
467469da7b,0
0a19821a16,1
d3be640ed4,1
0f6e788cdd,1
cbeab7807d,1
0cc5805a92,1
fb1b82dde6,0
09b7182dc5,0
c1c5602088,0
c9142b341c,1
d998a07370,1
5991bd3f1b,1
8d2e68312e,0
3406ef6042,1
5a6f57c150,1
d4d964f62d,0
4161f35a4f,1
b4e8386ff1,1
290e9d9748,1
41cfd4b320,1
6fe4017680,1
46673b0e2d,0
f2c640742a,0
c27409a765,1
2067c20654,0
c93d0ecd1d,0
8b11113861,1
0f5ada4dc3,1
d0e720b57b,0
d2f131dba8,0
130229ec15,1
e7f63a219f,1
e865014246,1
25e519b494,1
7633c6bb70,1
6da01cc490,0
92107f9559,1
bbfb2201ce,0
b9f3886670,0
2d64b6a8cf,1
a0f050600e,1
a43ca2ef73,0
47fd4036e7,0
c69962cd9d,0
15d079a8e8,1
7f0825a2f0,1
f44f67efae,0
04182ced8e,0
1eaf42beee,1
4e961dd0ed,0
5c33b65396,1
2380664922,1
72544ea5b6,1
74d1d03fc3,0
6d17d3be2d,1
1937cfedc5,0
f34ae8f3d4,1
a962f4c9b6,1
5b7c160d0d,1
9a4db0d7aa,1
f3356c9ee4,1
8a29fd2ebe,0
211eb21702,0
09f0f1f414,1
cb2698f715,0
0cc3c31d1a,1
e73ed6e7f2,1
db0bc63d60,1
4c36178b41,0
4989c6509e,1
ac03463615,1
66c61616cc,0
b9ebcbc115,1
8431a87cff,1
59092e355d,1
699608ddb7,1
3d339265c4,0
876e6423e6,1
40e8e14e60,1
d2e44953e6,1
9ccf50ab0e,0
bd7b74689d,1
f1cdcb9883,0
babbac4cf9,1
0ce8a6ae62,1
b5850af687,0
6f0c88962b,0
f807851f5a,1
91127f8cc2,0
d93d713c55,0
c9695bff51,0
254efd9043,1
0532916483,1
c5c4479af6,0
b9bf0422a6,0
bcd1e64c58,1
ea6f13458b,1
c3589905df,0
7791af3409,0
452b06b003,1
fbc9a1149e,0
760ca73d1f,1
871be86f43,1
c58124fdc4,1
19b7d2e2bf,0
8daf098aa9,1
ab6dfe07be,1
5800248c17,0
d19827b32b,1
a633b127fc,1
bc811e2c1f,1
34831dcd0c,0
f6c784904d,1
e0b778dacd,1
2e035505d6,1
697fee88c5,1
fb3392fee0,1
1b2daa0f13,0
b097a1f9e0,0
5575337f66,1
eac822921e,0
d3d19422ca,1
ac64f9de3c,1
a8aeef5395,0
dce6361f2a,1
432b8b6a71,1
9722dedee7,0
04c48c9743,1
6e409af2cb,0
0c19639aeb,1
3fd616ef00,1
8ce1df1a6a,0
ea5dd02892,1
92c25915f1,1
479cb24efb,1
f0efea3879,1
2903f6a1db,1
6f19d11809,0
2be45a7fa3,0
60584b31d8,1
f11f8eab00,1
98b1f3fb9c,0
25edb9edb3,0
70db04a203,1
89562d9f7d,1
39f101a807,1
0473e496e2,0
84bd944c62,1
ba836c5ae1,1
e51599adb5,0
b2f87059da,1
fbf5c91d9e,1
ce31ab9b97,0
fc6e9d0385,1
9c298b9575,0
cd6320c6eb,0
e0f030eb66,1
337b30caff,0
4b0c5aad63,1
a854446118,1
a52d7a6cd8,1
31b7874f49,1
a3605816c1,1
2424f4afc7,1
776bdf9043,1
c37e74bffc,1
62a8f89a19,0
bb6683a533,1
b35b1b412b,1
b77cc54800,0
bc7e49ee18,1
19fdb270d6,0
020376e68e,0
894d0e63f5,0
fff987cdb3,1
a05da102a2,1
94b4f44698,1
4bc87727b5,1
0d8ed16206,0
5b28c5ba50,1
f839d20b06,1
2bd87e0587,0
90946392e6,0
40ccdfe09d,0
1ad2135efa,0
05f09b380c,1
92cc29d923,0
3c7e2d60a7,1
f5c2e66754,1
a0c156a4c9,1
7f1d5f223c,1
ebe64e1d15,1
8e84b940e3,0
20ed65cbf8,0
91ea3f1227,1
ae61c09508,1
5f248cf0d6,0
9267f6cf9c,1
6698a570b8,1
a88dd59036,0
d433300064,1
7de95e0115,1
734df57cdf,1
999cb0ea3b,0
4c8132dc73,1
c42abd17f3,0
107f1047c1,0
884cd7af00,1
0b45bde756,1
ad0e66eabf,0
980570ed7e,0
7f99abfc11,1
a56e87840f,0
f2d2fefde3,1
628f1de539,1
59dfd4c7e5,0
5a6cd229a9,0
8ef76ed16e,0
56ac0f17be,1
04234be388,0
4f5df40ab2,1
ee3b4b8c91,1
a07c1fd090,1
84af757738,0
bfbea83faa,1
18e2325a5b,0
29b5ee6cf5,1
971c96134a,0
e927f91b12,1
22b0774178,0
7812fc8116,0
d514a30db3,0
961b1310e9,1
eb4efc4c39,0
38a15dee44,1
ffce5bbb9a,1
fa9ad1caeb,0
fe801cdc47,1
3391f0befc,1
563191e71a,1
72e05a5a33,1
1b0d74b359,0
967d30a3fd,1
021494f3aa,0
a5d2da8488,0
3228f203a3,1
a849a4e373,1
0ebe3ee1ad,1
56b5540fd7,1
0951f85203,1
8063c65b57,1
cff87534c4,0
d65973824b,1
e34c1220b1,1
9d354bc9e7,0
7d52a376a7,1
58a51c861e,0
a78e36d77b,0
29c033e8e4,0
cab2f6614c,1
71a31f4356,1
35499d9dd6,0
abd1e3e008,1
b637a7621a,0
17a6639049,0
1167a2bec9,0
af7e9d7648,1
b3f6affa39,1
f7380099f6,1
be6cf5cf86,1
d25a2d736a,1
bdb45f92c7,1
70cef9fcb6,0
2226df3ca1,1
5936740d48,0
1790f3520c,1
2ebe2eba03,1
d6b87a521f,0
c92c37ecd7,1
5326fad561,0
b014624db2,1
94b3a9ed9c,1
f64190c47e,1
438b4cc6e3,1
7dfdf6eeb8,0
bf72590547,1
90194208b9,0
6e3634da35,0
c156fd6d44,0
7268aedee7,0
31250cef62,1
063cf2a23a,0
8b01d00cb0,0
a70b2204f0,1
e2a70ffdf6,1
c256f6e713,1
e1cb177740,1
7716aa7b58,0
f8b721f632,1
90704ffe69,1
ed60e1c64a,0
3f2865df45,1
d84e52cb6e,0
fa9b3f2aa9,1
3687839ecc,1
66cfa202e5,1
9e426ec524,1
0f9b1dbc3f,1
b342a4959d,1
4ca8350f11,0
cd6140444f,0
25a9f40814,1
96d1d6138a,0
fc4c223773,1
a69586db4e,1
e9f4d6f927,1
608574722a,0
20a4dad0c1,1
2b160a1291,0
8ca104baef,1
b94a5b0bda,0
b690abdc09,1
1b5c4051d4,0
875dda3975,0
9db11d4414,1
2787bfe603,1
6f5c2712b1,1
668b41c03e,1
ea1a6e1b33,1
f78361aa48,0
13adf02399,1
444dcc147b,1
ee7ff3b2fe,1
40b45f1871,0
6940237693,0
77ecd76754,0
44efef9c4f,0
df47f2e681,1
e639615636,1
38ed2aa7cb,1
2a49169951,1
f507d4f122,0
b67c735ff6,1
fff2abcaf9,0
6a3d92ce59,0
9678fb935e,1
dc710565e6,0
c66a8f70e4,0
84e540208f,1
7ba58ee1be,1
83558aa4b8,1
9a4b15919d,1
ceca04aa2a,1
6a1fe1a81e,1
7ec64d2b8e,0
bfac8e63cb,0
47398efeb4,0
7a696bb878,0
bc79fe1a3a,1
e5df7166bc,1
5c8ce5869b,1
e9d39cddd7,1
02d40993ab,1
114397189f,1
5c65a9775b,0
77608c7770,0
022b1b01be,0
de39c2b892,1
24d67576d0,0
19902af6bd,1
376e55e566,1
6cf284fb9e,1
a783bd82c5,0
7972b70832,1
a5c4007b7b,0
50251a9572,0
1d7a812c76,0
2eae73b03a,0
ef6229f0db,0
68d9f77646,1
f76c6bc5d0,0
5489a9e706,0
4d7b42314d,1
ea54256d21,1
397f00cf61,1
17dde2138e,1
95af8ca744,1
6252a820da,1
1770691c51,1
dc4a1c9a30,1
624bd59549,0
ba2a5fbf4c,1
b6bbd06618,1
7488e076ca,0
1414606ab4,1
65eca0ad70,0
90a57bacf0,0
fc13dabcbb,1
ec10996820,1
ddcb457a07,1
d6471dc0a3,0
340c808130,1
7e92ab6fe8,0
ed24549a3f,0
8f5af7f42a,0
008a50a2ec,1
c4911615e1,0
63bed65d65,1
e39ded223d,1
619edf8941,0
2bca4fe522,1
623565cb2c,0
0faaf196b4,1
9522339a9a,0
486ae46ba0,1
3a3e1e824d,1
481ed855f2,1
c82dabf9b1,1
17113fd0bd,1
5e58ed4adb,1
1621c14879,1
8457263314,1
b8a9602e21,1
23e5717c0f,1
4015200239,0
4d03329aa4,0
57293a65d5,1
97a10a3ba0,1
67dfa4bcf5,1
820c4570b1,0
e8d6412ed8,0
0bed5f2ace,1
2da763222e,1
8ae916bb5c,1
e96a030ded,0
6272ae54bc,1
e1009fa370,1
08f3346b8a,1
eec3f628d6,0
ed7251fc01,1
1ac4fd8022,1
8e280f2c87,1
4f6328bf93,1
8f08f4e9f2,0
4b9862566c,1
f0228a88de,1
131ca4b83d,1
58789490d6,0
9128b824e5,0
97bd8b22b1,0
87afd4b1ca,1
90990cd2ba,1
d80ead8703,1
b852505678,0
7c0447f939,0
a239bfe21a,0
4b15912a41,1
8555cb627a,1
1f33387a8e,1
9d23bc70b8,0
228f9cee2e,0
7f9f13c0d0,1
6306dd3a8e,1
05d9351a35,1
5a81181e41,0
7576a8a091,1
7277ef5fef,1
befdfcbe5b,1
a6a3383416,1
fa50e86a72,0
c920246511,0
d18a64f984,0
211dca3b80,1
ec212b3d2d,1
5fabfdc0b6,1
09541ce79b,1
09ee5831f4,1
25f532d7cc,1
c313a1ad7d,1
d4e9588d7c,0
ea2fe8434f,0
44047c3e10,0
6636021b35,1
93a8901635,1
f19b7d20bb,1
d916ac7864,1
97e78a5448,1
c6612326fa,1
2775c5f447,1
6a6ebb2255,1
eff595dbcc,0
b4e23ae450,1
6419fd454b,0
3c3e74faf6,1
56a4e5c1e5,1
903206854b,1
869f99406d,1
084d3ed9c8,1
90bf0125af,0
387b6956c4,1
7a6d32bcae,1
6c8ad32f36,1
51acfd1399,1
3f9df26c0c,0
26281da345,1
9895f188e8,1
680ce5b666,1
935cba59ad,0
b5a47c646f,0
ff8bf1417c,0
9a71e8563b,0
9f459445b6,1
0b73b427d1,1
bd4f797d33,1
164873b51f,0
fff6522bd1,1
bfcd0fb5ac,1
2f8e4f82fd,0
f6576d4cbe,1
af6fe9a9c8,1
b70f0ab0c2,1
9347c39706,1
30cc3d3982,1
a163126d96,1
9ba564058f,1
fe85864f8f,0
c673bebe29,1
56974f6864,0
c59e5f46c0,1
c307912941,0
fdd73141d6,1
7ec58d0743,0
6baf05d61e,0
99d7f0c538,1
64f41e36f2,0
1ca865b041,1
cbbf379ef8,1
056bfa0cc8,0
30cb1002fb,1
27f923aac9,1
65e2650a80,0
16a9609841,0
0923f7bef9,0
b6bd6424eb,0
e6e3e58c43,1
b0a2fe2a63,0
2993a272be,1
83645a3b6f,1
7769e240f0,0
5d7424eab2,1
4e89a919ed,0
3b5e9c6e05,1
c7c3a8a806,1
bcbe3c0ee2,1
2d3c0a68f9,0
91c003779c,0
8cbefc189e,1
ca393f0eaf,0
81ab8c6bb7,0
55111519ec,0
18f3626b0f,1
6cafc8475b,0
223e0c3942,0
cadfbf8011,1
7140b36ff6,1
57f8b13094,0
5b3b86341f,1
9fff0319cd,1
d531fa41aa,0
8f07ef8585,1
3a690dbd1b,1
2fa4260cde,0
78c50b3977,1
7aa7e1b355,1
891fa63295,1
7d41b0a6e1,1
ab7d09443f,1
aede306d15,0
a3079aded1,1
3598c246d7,1
88839f49f9,1
c56524ded9,1
9718102ef6,1
1b71d67404,1
b28aeb78e0,1
52e7de7430,1
e1bd09e50b,1
1d2382ac3f,0
ad76d4cd21,1
a27e64c2f7,0
911efbb175,1
8686b3a5d4,1
4e41f7a5df,0
0c376f6728,1
b07fc3b87c,1
ebcd41b5f1,1
eeecc7ab39,1
e2dd6ebd6b,1
f2e9faa785,1
b095375d19,1
5b217529e7,1
774ee8afcf,1
958a3dd464,0
0b7b00ebfd,0
26ae98fddb,0
5a6fa22207,1
c8adc706f5,1
740d34befe,1
98f91cd1b8,0
e337021e6a,0
24bf79cd1e,1
dd580d1681,1
e199174d64,0
56d025f76c,0
500d909b87,1
feadf0e85d,1
2356ec6570,0
ea1332b03d,0
c1f92fd149,1
8dc946b34d,1
72ef4718f3,0
b833fdb882,1
94551e800f,1
45a7562dbf,0
060f14fcee,1
b6804bfa43,1
9382a047a8,1
9fabca6b17,0
5970137a1e,1
d553c91194,1
8b0d0b0633,1
ae6ea6e613,0
8c38199b15,1
48d34846d7,1
3b2f902ec6,0
c2395da60e,0
66c603a013,1
c50ba562ef,0
6ecba60505,1
f7ff576dc4,1
a12d2c10a9,1
8164beeaf5,0
a701844e9a,1
5c616dea00,0
5378360450,1
65e01bd65f,1
d8bed49320,0
465463b009,0
9260b4f758,0
87c6bf0012,1
aa1cd9fb71,1
70a32506ab,1
230b98e713,0
33ba7dd9a1,0
9bc9c403e0,0
6ef46555e2,1
44381a3f55,0
fad11bf2fa,1
7b2032d7d1,0
f122ead5f2,1
ef58213c9b,0
ed66549524,0
69098163e1,1
c4ee594685,1
7a095f0b21,1
e88b8de75c,0
ba1ae7a6c7,0
b1ac5ed0b3,0
ff238df1c4,1
a1dae195e7,1
f566a7cbc6,0
d2b40a2781,1
71f724c7ef,1
a92f49d2d9,0
578aefa47e,1
921b60e76d,1
b521c9ddf3,1
7d8e29261b,1
5717740aa6,0
8612ca9286,0
60a0ca8d0e,1
0a41de5e3b,1
4ff5c5ef47,0
3862950849,1
fe0ff502fb,0
75d0e44b1c,1
2b405e7016,0
5ad7172ca7,0
178bd2185d,0
33820f50d8,0
182bfc6862,1
060cdfded5,0
180d2ec2cc,1
9dc604318f,0
c1431cfade,1
a0729c7a02,1
e358121d19,1
ba4781de48,0
c26d515fdb,0
a7fa6dd049,1
30307d5103,1
25f2e30c66,0
505483d249,1
82a285227e,1
4a11c0f4ad,0
c98504a8ab,1
af296d1c0a,1
812c804456,0
d6987190ea,0
d2e14828d5,0
b39fe87a25,1
bf76c8aff3,1
824152cf1c,1
4b17d5fb8f,0
20349d0a12,1
740070f15a,0
c80f09bee6,1
baac3469ae,1
7b815ae7fb,1
d944700bae,0
9090f8f97b,1
fbfa863bd4,1
9b5bed5c6f,0
930cbb8ccb,0
7f0e67d5ec,1
22398d77b8,0
ebe8198105,1
4fdc882e4b,1
857e511397,1
a685e6f87e,1
d3c9529867,1
6e691f1825,0
808cbefd71,0
e366f9d62b,1
eb91416afe,1
0061281eea,1
bebae78c6a,0
f409d55fee,1
877d1a7ebe,0
c0fe58323e,0
399694c381,0
b4e61836df,0
8a55cca47a,1
0fcbd0567b,0
eead2fc101,0
9694a662dc,0
be4db8ff8a,0
25c415e373,0
b15313d4e8,1
31b003483c,1
40a7f422e2,1
ebdef67fa5,1
9ecc1f5457,0
1bebafb9f3,0
3a5e5f4202,1
7135ca553a,0
269b6cad0d,0
24a38972a3,0
90b1a59d1b,1
5f8370ed60,1
c33e3a20a4,1
919157e393,1
641ef8ba11,0
4864559ba5,0
6cf6889e33,0
5cefe5b52c,0
c8bd99cbb0,1
07cbc65347,0
33dfce3a76,1
a7254b3aa6,1
7e5cdca0b7,1
4630209118,1
881407fa84,0
a5005ea567,1
280dcd0b2d,0
9e8e175c01,1
ff9d2e9ba7,0
9ca520f895,1
2f4fb95bb7,1
b7dc0d87fd,0
0e16439e05,1
29162a3471,1
f454efbd20,1
7e68df3981,1
9f0c9f3b90,1
23c72b10cb,1
1804b11f9a,0
53b480e29f,0
f599fad413,1
8824cdcbf0,1
d465b396f2,1
b7c462dd1c,1
a6625b8937,1
ca82310ee1,1
f463f6b15b,1
c5493cc7b0,1
f8ca1f5c5a,1
27f6632fd1,0
f362d474b7,0
753371cca5,0
103713e20d,1
186d861771,1
fadd701a33,0
631dacfc0f,1
7f5914b74a,0
20b11dcfb8,1
9eaf536a63,1
58edb9b58c,0
e3e92cc747,0
7db7a5fb8f,0
03c9b5ffe8,1
ec5afeae66,0
1c78d88cb8,0
87cf2c6542,1
1a0996a817,1
bf294b9661,1
9b09626522,0
829ebfbb32,0
3b9586e2ff,1
24cb80b5da,1
7fa6578978,1
6a1fd3c67e,1
ed761ad8ef,1
2a26fb616b,1
6da04e4c20,0
f5e72111d0,0
c61e0f2507,1
8978bc57b7,1
0e53e6294a,1
2eca5f70b1,1
b981d35c43,0
8fd4178b11,1
5f1df5e4a8,1
85bca2aade,0
38438eab6c,1
d8f80479ac,0
8e7324c8ed,0
dc7c506beb,1
89340d64ab,0
c70619fb09,0
8945b8916d,1
93b51f6335,1
725a0ae373,1
86365721e2,1
27c4850501,1
ce3e6bba2e,0
66cd32da94,1
3c10a71f62,1
28e3c1128c,0
54a3636ba6,1
8d70a676cd,0
c1ed7e8344,0
b9fb7882a0,1
4ed2467e7c,1
0b9cb1205a,1
25fb3a895a,0
10a1a5b78f,1
edd5fc6648,1
263bd9dfd6,1
35f3cb48d6,0
5691530ff4,1
d56050d3ab,1
91823ecb1f,1
b6520147bb,1
d274664a41,0
d69c382be5,1
2ecb2b0797,1
834861f1b6,1
ef060b82b1,1
c82f7676ac,0
c356f76804,1
489a8fd021,0
70d9a282d1,1
9ca1ebe351,0
387aa87ae2,0
878566ab56,1
b40844d201,1
ec857f4518,0
fe37eddf8e,0
78be8270bb,1
dc0119712d,0
3358462c1b,1
1435d5602c,1
0ea5ea6946,0
e843caea8f,1
858f01d368,1
b0e479668d,0
5dfa4cfa2d,1
020678ec1b,1
d059fcb2fd,0
7f2694ca3f,1
2f746f8726,1
eeca9d6a63,0
c1503fb0ec,0
016fc8031c,0
8e93b66386,1
10aa115164,1
9f7e064e9f,1
f42a7e65f2,0
04cd9599a3,1
0461a2fb30,0
3734601c15,1
1463aee5b3,0
c29c36a1e8,1
40bb5a9cbe,1
d68c08baec,1
45a2a01008,0
5f98029612,1
6c25735f24,0
30e4d22141,0
19cc342b91,1
18c4cdefec,0
5d600057f5,1
d9044ee3c6,1
565d2342f2,1
7b5d5d40fe,1
3c1097c378,1
63532a858b,0
b4b225aaa8,1
1b6919f87c,1
ccdd1c542f,1
6150f39f8d,0
766784f810,1
1c41821d13,1
dfa4d727b8,1
4d341171a4,1
3975043a11,1
fa9da6a455,0
ba705c8398,1
aa21ba676c,1
488f5f133e,1
66eeb09788,1
6f79e6d54b,0
4ce60abe5f,1
bdb9ba462f,1
aae8971d6e,1
7114209cf0,0
3c2ea1a63f,0
0f7aa746d6,1
8c8c2012e7,1
04f7a73f2b,0
fdc1ac926a,0
5ffd928d1e,1
a826e5e6e5,1
b9fd9429e3,1
dea0a56bab,0
8c99d8c85f,0
182ea1798b,1
51be9fc3d5,0
fbcd92f03f,1
7e138bf911,1
20c99dee06,0
9f96821d81,1
9a4864ff06,0
9daa6c133f,1
1313dbf1d7,0
10e835f9ab,1
cc876896b5,0
8e3228d793,1
53c79255ba,1
a7bc02b7d4,1
bc3156b1e4,1
68b6abcefc,0
c9f7f4020f,1
9e966d733c,1
569f85c4ce,0
1037da2ff7,1
7c9c01ebe8,0
a2b7af2907,0
3525fcea1e,0
38c0d9ca8e,1
4ad2ddacfc,1
085e7a048e,1
ae6b6df24d,0
6457057cec,1
6c793e5879,1
91bfe61493,1
a33ef5ed68,1
b33e244157,0
90b14e3f04,1
287b0f197f,0
6dfaae4996,1
e7e9165d9b,0
c576ef893a,1
457f80b1c5,0
176ad39bc7,1
8b0478ed02,1
380ff30e30,1
d9457c3b1c,1
8d9b8d724a,0
46b424e067,1
d0aeb260e8,1
fb9b58527c,1
8d9314a9f4,1
6af48dfcdd,1
6e86fed535,1
06d21d76c4,1
75b4a808b3,0
a5eedd418a,1
e082398595,0
a15eff2958,1
7de09d894b,1
a54d582262,1
aa56279e8f,0
06d3201dd0,1
42c563d895,1
df3a1c2d7b,1
2fa889172a,1
359128303c,0
4a39459597,1
1a1b0c1549,1
d2b77b255b,1
67bc6ac1f4,1
e0dade9896,0
ad6fe18943,1
26527458de,0
aff87f7ba7,1
4654389112,0
bbf8c7968a,0
528cb6678c,1
fea1ff8505,1
c4a681819d,0
9ff59d834b,0
6738d474a3,0
b33b1f9db6,1
66b4280f4e,1
51870e8500,0
7074e402ca,1
1a8c4fd6ea,1
68d00224e0,0
7beceb5850,1
681ee85a7b,0
7738fbabca,1
33041df256,0
0ec68b2e42,1
857f570585,0
70c7bb7616,0
c79d52ffc3,0
5ecf1f5cb4,1
70e5bd9d27,1
8ee20f502e,0
fd5c3c20d6,1
e69330b40a,1
deec7bb4d9,0
fc87224914,1
e37b8208fa,1
a56ff4758a,1
e929ca0e34,0
b052410a6a,1
f57e741b5b,1
dfd3138198,0
6d593a19d1,1
94c94ee7b6,1
d7215eb198,1
a48b9989ac,0
809ce44053,1
885c2a90f5,1
17be1887b9,0
b63b23fdc9,1
154948ae6d,0
64baad8029,1
d3c3988e54,1
ade746d346,1
c5a9c13a77,1
3fc4d6b6ed,1
b33771a471,0
7c61d788af,0
180f0a1854,1
e63196d890,0
bfbb9b9149,1
1821c518da,1
8c4ac14f53,1
be1f425eac,1
7e78a47cee,1
b5448cb40a,1
1c3397d0ef,1
d61250af0c,1
296a04bc06,1
12c92c9f70,1
190ea39ec4,1
d390b1cbef,0
ed2b73840d,1
9737133eff,0
f0e7e06354,1
0389fc6012,1
f083e6692d,1
4433b159db,0
27efc3195e,0
5559e0ceab,1
df32c11fe8,0
4079c73376,1
136af05158,1
258a5db63e,0
b11110b854,0
f6a89b6f89,1
d12d5894b8,1
86c675c4fb,0
27e12cbcea,1
c45c9617bf,1
0aea45ba8f,0
e1280ddc3c,1
e1c6994595,0
02adf272e9,1
407bd44d31,1
365bdf0ae1,0
17a8b7e7f3,1
769d51b80b,0
cc15d94784,0
dc05ed2596,0
2b55bdbda1,1
bf00a0ab71,1
8b4189c2a4,1
a89fc2586a,1
c70153909b,0
c02071548b,1
7df36788a9,0
8c1db0fc39,1
8409fed45c,0
9c08332067,0
809cb34e8d,1
65ef110246,1
30e5cfec08,1
a07f9159e0,0
82f186d2ac,0
548887f17d,1
89ba98210c,0
3ce41108fe,1
e80ac14b0f,0
2a9190ed84,1
12a953a079,0
fdabdc4399,0
28df927e87,1
0f20f0242c,0
28f6f52c8f,1
a8bfe7072c,0
1fba03699e,1
b911d46acb,0
d0244d6c38,0
2d4e7a937b,0
571e63d0bc,1
bf05a52a6b,1
5aee63c515,1
981f73e811,1
851a37ac37,0
418a13df5c,1
4e7d4502bc,0
ffb2ad3f94,1
9704b1ba61,1
84eb2c400b,1
4d684d99cc,0
775bc235d0,1
c66a9ea31d,1
6460ce2df7,1
4618b50b42,0
cd292b7c8d,0
2da9564e53,0
66891ec970,1
c824b8afaa,0
565f9c3fce,0
5701bbfe46,0
c39f317ad0,0
9bf022776e,1
7cbfebdf9d,1
17bb0d4b3e,1
b6c52b4a53,1
fee35c9fa9,1
9917602913,0
213e0a9f7b,0
ede9c03a6f,0
51ede1c702,1
0977568b54,0
e683e8ae69,0
28d42de29f,1
143eefe05a,0
4fbda008c7,1
6c6c1cbae9,0
3d781526c2,1
71507ccc96,0
eb5e2a6b3a,0
3fc79d2ece,0
1d9f4e875a,1
a59385755d,0
3d4bc58424,1
be9ce6a9d7,1
7a817b12b4,0
c7ab9848b9,1
c023a62b96,1
61df7e1f4d,0
4a8d55bdf5,1
363a171d90,0
61321814ce,1
02206b234e,0
54629440c9,0
d17eee846e,1
590f7ae6e7,0
85e6b4cb1c,1
81fa3d59b8,1
08993551ae,1
27b5526adb,0
69cddf572c,1
e5c26c8634,0
740e4ce45d,0
bb2160921c,1
ddd3099877,1
61cfb43abf,0
1c9fa3dff4,1
da84ed2423,0
45f292bb41,1
573f9f58c4,0
285f4b2e82,1
d606f4a578,1
f4638e7428,1
edfe5ae3ef,0
77415e7cda,0
e6ac2a35cd,1
087192e2ec,1
aff8ae9d4d,0
1ebc029ba0,1
ebf89446f2,1
ac6289352d,0
ff9b7d0d2e,1
f7dc2b2c9a,1
19d821e8e4,0
cb2c20898a,1
fcdf2756aa,0
1c20fc4477,1
1b073494ab,1
a3bea8f266,1
6a105e7555,1
3dae882971,1
f5a92d1356,1
2ffe02e882,0
0762a99eb4,0
e37a3da5b2,0
a98d950667,0
d468d401ab,1
ef03d3e2fa,1
efc705478f,1
7ce6463bc8,0
4e47ff086f,0
e2063ce131,0
27c45fef01,0
a291ef5d83,1
36b768bfa7,0
bec8f132d0,0
bf71bff284,1
a141ed0c99,1
37c95ff7df,1
86a772adb1,1
a7000441e9,0
fb1e8578cf,1
7361f4e5bc,1
6b0688f33f,1
df8d9625c0,1
4f62a5bb14,1
7a0f1e9b45,1
c72c5ee731,0
d369e6b550,1
6397715bb4,1
9f54d7807c,0
a038a2d781,1
aabb4516d1,1
8d3ee9356b,0
dccf379405,0
225ae42209,1
3782748f51,0
77420e5628,1
8bf499cb0c,1
761eaf3fa4,1
f3fd020f27,1
aa97ecda8e,0
ab5fe4fea8,0
87af5ec058,0
fb14beb69f,1
32afbf53f6,0
852873eb7b,0
bb1e7f303f,0
628ab35fe8,1
1befe1ba44,1
84b5568c2a,1
ebd623bfc6,0
26a76b910c,1
0c089f7c1b,1
f9629f4e29,1
52ae147d60,0
dc4bf302e8,1
8d4ba8fd28,1
003c477d7c,1
7019c22c5e,1
e89272a29b,1
881bfee759,1
b8c3ca0fab,0
01c033e116,1
fbf73cb975,1
902d01b7dd,0
cdf9422054,0
f1e4acdd7b,1
7a25e51377,1
d70a2f1f23,1
e278cee272,1
3794cd4d73,1
d8b1bbbfdf,1
edc9fb3512,0
a35792b156,1
24c102ca1f,1
675fcfe29a,0
eac3fb300e,1
18fc51d517,1
cb2acfd639,1
74d53a0d53,1
16cebad726,1
e3e1afe993,1
5f43816c42,1
cfdc385955,1
32f1039c61,1
14da113475,1
14c16f99d5,1
abed119094,0
5fe599e1a5,0
1ac058f0a4,1
b8236d92ff,1
7053b28de2,0
90c62cd13b,1
43ec939286,1
16017c8e02,0
8d28e714e3,0
1268fbf8c2,1
ad49962b22,0
0401ae15d3,0
ec649a86b2,1
5203d6e046,1
df811b26b6,0
217eeca27e,0
56d6d999b8,1
e39f959114,0
c89eda8701,1
8138c79081,1
5990041346,0
5e85356a28,0
9067effd34,1
e41a05735d,0
6a7506aa1e,1
51d1696054,1
1bd1c8c771,1
a245c6d001,1
5f51a19f9e,1
a531b78648,0
7fd5baaee8,0
69bb149e2d,0
7572c78534,0
4ebed82264,1
8c9b19f267,0
abd889c82f,0
44c8aed146,0
bf73cacab5,1
96216dae3b,1
77c071c12d,1
59597a8431,0
4fd99d2b52,0
14a89a1840,1
2874150952,0
4d4adc5623,1
ec542d0719,0
1931feb9b8,0
1925c11fce,0
87986259f0,0
e54c815e85,0
fa2ebd1083,1
7187f4c02c,1
ee5c6d6639,0
942d3bfbf3,1
23bbdfd154,0
0ad38c8f25,1
930dcd571a,1
ff89e5e3cd,1
7f2642a14a,1
01323211a0,1
f5c25276d2,1
c137712b61,1
6074c5b0bf,1
55e9012561,0
5c51c23a7b,1
9d7165c9c0,0
35b34a9da1,1
6285015437,0
91bb8b5dbb,1
3662fffe30,1
6ee755c67d,0
b5893fc541,1
62715133c5,1
5e98f349f3,0
5e09ef27a6,1
85670a7093,1
f30c36bf6b,0
67a8e23baa,1
fb903c3b68,1
b85046c5c1,0
994af8ec2a,0
ff532274cd,1
a8d50a4a97,0
3685aa0e78,1
a14d2ea3b1,0
a2bce9d94a,1
6ac91c75fc,1
69ee613976,1
d67dd7da95,0
fa56377e58,1
519cc2a871,1
dc534f1e28,0
a9ab1afe01,1
45f31c81d4,0
5fd8ed2395,0
fccf774196,1
59b1bac5d5,0
55a49950a0,1
4eccb0cb9d,0
09e29fbb74,0
ad93d35798,0
fb17f161d1,1
f2f67e14a6,0
126f253739,1
31aaa04c63,0
0a18b314fc,0
1c6237ae58,1
d21e3d7843,1
492383a53b,0
739a9ab34a,1
1fec8e839a,1
01b5362cce,1
7547289453,1
aba57f0f2c,1
20a0f53112,0
25e4b6fd77,1
ea1270a8b2,1
276807c93b,1
d3034e7a60,1
2388b3eb40,1
bbb762835a,1
77c695369e,1
93b8ec180f,1
7145f7e956,1
d71e91efc0,1
2f00b33427,1
9cb42834b3,1
eb3a40225e,0
92d116836e,0
cc70a60681,1
b1be1fa682,1
b92b11b3a4,0
6994342067,1
aa791ce59a,1
6138f82415,1
b890b261a0,1
de091953f9,0
1a67b08604,1
fcce81906d,1
762c7d7084,1
b202b6b3d4,1
5f1aa014c5,0
418b7878a8,0
08c2070b20,1
423ae1a09c,0
8718d851c6,1
174b478747,1
253eb71c3d,1
b06fe13f54,0
ed46821aa5,0
5306b708be,0
b7c1e2a377,1
a98ab1c549,1
2a5805ad13,1
821e0217f0,1
ebdbbb52b5,0
7709ec3c5d,0
57904adf94,1
cced2adf43,1
b7ec14f5e4,1
30badffdd5,1
6ed0ef14db,1
849f39dcbe,0
9ca11c3696,1
a58d3b12bc,0
31683f8a18,1
88a5c49514,1
05a61e5799,1
93c7358e41,1
2e7921981a,1
ef13247eed,1
10833853b3,0
48bb098115,0
1f1cc6b3a4,0
c82ae5f941,0
5a7a933a05,0
974f5b6876,1
4ee4b3485e,0
498d327724,0
5155ad847f,0
5e350fa662,1
0dcf4a11a6,1
b9bb1b7b3f,0
e8b730fe92,1
08bafa2eee,0
1664b6a6d5,1
30bb4cd749,0
9126bbe228,1
ec61b48efb,1
2f8b36c386,0
0841984941,0
d145884178,1
8a2dc90df5,0
325cde4fa9,1
9f4001d8ea,1
a826a7a9a4,0
4bb8260218,1
444c32935c,1
9c4468a160,0
5ec4b8eff9,1
eb38db5443,1
1b9865501f,0
6010b9b84d,1
31a4341eb6,1
6c0a545d06,1
6576184a08,1
518ee8cf52,1
6682af0131,0
ec9ba7900d,1
13f3daf89f,1
a3ad1422f5,0
36f332bd11,1
a4fb7072d6,1
68bad6a787,0
c32752c00f,1
c0b6fafc47,0
4285c2ffe8,0
608567ed23,1
41e2137184,1
1a7f8bd454,0
bbb5279a06,1
25db231ea0,1
b28690f7ad,1
3bf70b71cd,1
7f0ee9c30a,1
2821f70a5a,0
e7f0e30585,0
690281a93d,1
99ee31b5bc,1
884400b2e8,0
9b585a2ea0,1
a7a87180a3,0
54cb8bdbe2,1
cb7cd324a5,0
3df62de11d,1
71f7425387,1
e0c136dc8e,0
ebc46e6691,0
6eeeda7f4a,1
db819c45e5,1
ac460261f4,0
fa752c35ca,1
109bccf6c6,0
9bf8a38b92,1
9c3383eb85,0
f2d668f7e7,0
cbd42ee63f,0
f2fcceee25,1
0ab5e14937,0
4d2ede6b7a,1
853e89d0d3,1
54e2419450,1
341f6694f1,1
11518835a4,1
5423d6049c,1
e7c55756c7,0
33159fbb9b,1
9f97b2925e,1
d1857e0577,1
cb68c2431a,0
a66c03c236,1
cbad345488,1
fd257af5d2,0
8ad8b9b163,0
c74ef130f0,1
7616ee06bd,0
b2fbaf80d5,0
9befc65890,1
d06f237a79,0
cfb8e5c36e,1
c23090da64,1
8f16b2685d,1
90720e8172,1
e3349e2125,1
d90473fc86,1
23cdfc53fe,1
098c5f3e75,1
82c316179b,1
f6009f764c,1
e51e614146,1
390355fd73,0
2bc179b78c,1
fd423b9cbf,1
66ced55b7d,1
664e3eb07f,0
76ba896225,0
d0d908374e,1
53485dc0d9,1
2b77f82b42,0
60b3d0d613,0
17c5d2464c,1
0be923c49b,0
7c2609c66c,0
3b5c0e9308,1
964be849b0,1
937ea43a65,1
916aff36ae,1
38178b0ded,1
a5375b180b,0
7568a9474e,1
c1c6a1ebad,0
6348c487a4,0
886dc2e534,1
e799fcac15,1
157b2aa3e0,1
ed20d93bfd,1
415eb5b72c,1
4d9b845652,0
c1190c9c37,1
e10a1a3e81,0
46bec86213,1
b2d02516e1,0
e2d3957c95,1
894b5b40af,0
56f4bcc716,1
3ce657b8f7,1
d62ad254c6,1
89165071a4,1
2010b17cf6,0
f20521b7f5,1
c8ce151a18,1
000e218f21,0
4986fb6755,0
c100d07aa9,0
d9d7716b7a,0
fc8f0668fb,1
0fc5ad7e3b,1
f5b2861c9b,1
39a5b5f33a,0
00950d1627,1
a042e73fee,1
a3de137406,1
f625984494,0
5677f991b7,1
c00c4b8814,1
81d37cb5fd,1
65fe1a0efc,0
2886e27fb6,1
fdff017e77,1
1401f04c4b,1
455c8febce,1
76d080ed6f,1
ec88937127,0
6d8a8e2e6d,1
4b019a8354,0
f1b1f57aee,1
5bf5d82829,1
0ce329b5f9,0
cabe5c94b2,1
d7f7a9f48a,1
0f9977b1dd,0
362cec7849,1
106e4043ba,1
3004f41177,1
9458b40464,0
43001d32e7,1
a8ef242dfd,1
a5299290bb,1
923473085f,1
a21ae8cb6b,1
595deae139,0
ca0d3ea2f5,1
8a1aed2c83,1
a10b932fb3,1
acb95dd7c9,0
b51eed936a,0
67db09fda5,1
1f3299c2ba,1
5081bad441,1
8f1d6045fb,0
f9fc7746fb,0
d73e3ccdec,0
3d99801810,1
7205efa791,0
febd1d2a67,1
d2522cfc93,1
cf1ffe14e0,1
a659530342,1
b6604d4bd6,1
c9ff0d072b,0
288c4c1941,0
76b4df03dd,1
63d3cf63be,1
0fb7b2772a,1
403cb8f4b3,1
790f497dc8,1
4ad8a63538,1
f2259e86f4,0
770af4e501,1
4b72e35b8b,1
58d177c0d0,1
a50ac7d1e2,1
963189b39c,1
728917ca07,1
2425501bf4,0
1cb4733828,1
b964244dfd,1
badb3ea766,0
92a20ccbe2,0
e360f895de,0
5c297b5dcd,0
d7e6e1323a,1
501c68e571,0
1019e6ed47,0
4ef0559016,1
768d5f7ade,0
fbf64b5ea0,1
cb6c6c15ce,0
3531c9193f,1
939c88a964,1
4e51caa68e,0
e5b47aa145,0
abe74273c8,1
7b4ccb8113,1
d7506a6a38,1
6092afaec7,0
6edb010212,1
3371d166f0,1
114daa1bed,1
029c321179,1
581e7f38d7,1
8343ad9ed8,1
3a068284ed,1
cc97e87765,1
6040cbf086,0
a1e3e1af04,0
9874f75819,1
a32b0d0cd7,1
5fa87fc4cd,0
0b9981aba1,1
495e5d8dc0,1
6e72c79c29,1
f21593cfa8,0
65408225fc,0
9b9c107a62,1
9eb4a10b98,1
eeef52be31,1
4ed12ec89a,1
0b7459a0af,0
5c28eec331,1
4f30a97219,0
a7a124fff5,1
28ca5ff16f,1
def16cd3d7,0
65cb9cbc05,1
bfa7ee102e,1
6caec01e67,1
5edca1bb89,1
3dc8ca137c,0
03be56aa9a,0
675cab373f,1
ae51614513,1
b393a57640,1
0f613bd191,1
f3fb95295e,0
c33df3d7ad,1
edea91429d,1
93a1541218,1
a12cbb17e5,1
89dba191b1,1
a4d621da2d,0
8f7b7b9980,1
d9d06aa699,0
dd87f1a21f,1
6c5b8b3950,0
0df53ae04c,1
1075fa3200,1
83c0564224,0
6b2f7ba83d,0
9f07d6a050,0
44ac5b2526,1
a9fd8e2a06,0
d69556b746,0
42b9ff31aa,1
f0190fc4b4,0
ac7df612ff,1
d97f94a2dd,1
ae96972c1a,0
2d8a3a262b,0
45a1f78171,0
88a4200cec,1
5fe333fd26,1
fcf61d1883,0
fefe01ac32,0
640ceb328a,1
1cb9549d2c,0
2f917b1124,1
115ee54da8,0
a91212b01e,0
df344e0599,1
b96ef7e302,0
5d4dcb9d8b,0
3cd4d01b7d,1
071d5aa17f,1
72c2499de9,0
8c232a1cf8,1
ad5454050e,1
71f6fcb48a,1
c33faa5d81,0
29ea4f92c3,1
f8921580bb,1
f288e998f5,1
707f14c59a,1
404b62a4d5,0
0f762f2746,1
0ece337a15,1
b71915a0fe,1
92c91d1494,1
d46c133c20,0
537f18bd97,1
db5bf853fc,0
3dc4b77bb5,0
8023f35b58,1
1986fcadda,0
37251064bd,0
c026a17632,1
ab72556c51,0
a90545f377,0
c5327d784b,1
b448f0fae6,1
041925f04c,1
3ad9500e43,0
b6aa5c7ab4,1
168f625d62,1
316074fdc4,0
dcbb6474ee,1
99f52af0ea,0
34bfcfa11b,1
40fbc03558,1
a19dbb48cd,0
1d9bc2591e,1
053a6f6704,0
7e5a6e5013,0
75c7d3b5a8,0
0f9beb1453,1
24b40af38f,0
f37556e4da,0
7f5a72fa2c,1
2d7a83381c,0
893bd55371,0
cba568b15f,1
c5745e04ff,1
7410f440bb,0
17972a6517,0
fbd61072f4,0
bd2a0b256c,0
36bc8044f8,1
a2da67afff,1
d583d291ea,0
9693c84080,1
b6bca345bb,1
0050766ae2,0
ac1ea6faa4,1
2bce09096c,0
9c30bb0a5f,0
8d08955cdf,1
1a72cc3d3e,1
ccfb270edb,1
b8b3f26ad4,0
4ee5d2c629,1
d752eaa82a,0
553733b17b,1
debe560cfb,1
fbf380831b,1
f0d15c63c5,0
99bc5efa33,0
d6e2bb1586,1
9031ddc924,1
da0f021c5b,1
f59821d067,1
2bd913a165,1
f52c144f24,1
8201005b79,1
54842b574a,1
0829b44678,1
a4e5b9902b,1
870be46a42,1
f4feed1635,1
9aa65d393a,0
3d6d400816,0
b7b83447c4,1
759b3aaa22,0
25bd98aec3,1
730eee262c,1
bc3f2b82ec,0
135ae076e9,0
ebacf0e713,0
d6cba9f9de,1
e642037975,0
e3b1b48b5a,0
c571804a93,1
4e3ccf37ee,1
b5b767492b,1
4b9b8c2e44,1
ce06c157c1,1
7e67ef84e1,0
923249032c,1
ae2ef70d51,1
37ba215c62,0
729c382e20,1
6edba13f1b,1
f7933b266c,0
d9e45a7fab,1
7a2eebff84,1
1277f1a611,0
8f39d964c3,1
1739b1634d,1
fb81781b44,1
93f7759d52,1
57ff97666d,0
fcf5137a10,0
f2c869e655,0
18d013fced,1
e099e54eee,1
27ec51c877,0
62de954435,0
a4c734f1a8,1
429bf7c665,1
174ebb49df,1
82adfbc0f1,0
a94450f57e,1
a988661613,0
3ee4de57f8,0
c98dfd50ba,1
e4c8dc59fa,0
d21012f5c1,1
da94055b53,0
d47c78058a,1
a72f220de9,1
d3c8980685,0
fe11d93a24,0
748f8f4106,1
a913c2fc19,1
8ca267be2b,0
de7202d286,1
a87eb66a65,1
5448c46aac,1
c9a1fd48f6,1
0cf7155eb6,0
df8caa8bdf,1
6fc88fcbed,1
930c8dd0e4,0
527c3abd5f,1
465f93cd9c,0
b8f76a8e5f,0
06523f9719,0
bb63bcb48a,1
c4ed7cdb1c,1
be90ab3e56,1
f2598805e6,1
26382e2d1f,1
51423622fd,0
a317a82463,0
7576015468,1
9b656c339a,0
7b596fc561,1
800daf6ac1,1
f7e855fc40,0
74f00bb214,1
023d486fba,0
1623de321c,0
f3ee165cd0,1
b354751edd,1
c2485cb6c3,1
0c600207b1,1
9efedb3b86,0
f30e47cb36,0
3c2f5ba174,1
2bfa664017,1
c4b4099179,1
d0e8c9833f,1
7af5b00299,1
9ea0525027,1
9053aa6508,1
755c1e849f,0
e0d98e6fde,0
894b9ae774,1
f57cb32d6d,0
60638605b1,0
48940ae0b0,1
86f892ad2f,0
9f2e5a8c24,1
e6caf5eb81,1
94e7558e32,1
762f01c185,0
85c191c52c,0
fd63516ff4,1
15d76f1672,1
96aeb8d018,1
2f2e86de0b,1
00a3af90ab,1
589e94265a,0
8116fa64d4,1
9472731dfd,0
11bfb46a23,0
7ec839af45,0
66cd349922,1
570d1da727,0
f9d8f014c2,0
92d9025a37,1
f9d03271d6,1
370763b8a9,0
6d93c0a95e,0
3cd0ce6e18,1
76ecdc5896,0
a4ae0c0e35,0
c6648ea2ca,1
9146f2afd1,1
8db0a68a4c,1
078f36a006,0
0497f2d447,1
38ec59117e,0
6d69267940,0
7bfd026d91,1
58d62862fa,0
e27400528c,1
05c33e6854,1
c8404c2d4f,0
776d123d8d,1
e44dcaeb74,1
6dba47cc58,1
9b80cf8992,1
6db821bf5f,0
d268ae57b5,1
a7b1f4bae1,1
875b087f1c,0
8919be1266,1
ce16b0d0bc,1
f28b483859,1
b9a7c521ac,1
c749d05181,0
a5833d6cc4,0
cd2046479c,1
ca84b9e8d4,0
8b5757d8ee,0
37aa9fc79a,0
84e305da04,1
4ac19fb269,1
ec5db065d9,1
3320eb35e4,0
911f05128d,0
c42d63b0e6,1
9fe707f837,1
9492db510d,0
6545c6235b,0
d4acb30303,1
3e87545802,1
cef03959d8,1
1d0a131f99,0
ab82b9e44e,1
186edd93a3,0
99405de5c5,0
b42ffc97d4,0
dae1555fbf,1
0822e176b2,0
9f4471dcd6,0
cfcffeda9e,1
2f493f72ff,1
457d5edb4c,1
96cc5caec0,1
5ee2d40bbb,1
459396b418,0
46dd77ede5,1
b8ee1d8dbd,1
66cf41c563,1
1f9dcb9a1f,0
1dbc694c5d,1
c352f6069b,0
b76760a4a1,1
db9bb00470,1
1724889841,1
e101b9a0ec,1
5108785aaf,1
34f61e9a54,0
bb1743a571,0
dcca0c8297,1
146ec37657,1
423800be38,1
f85a85710a,0
0f19680b4d,1
56ab4fae30,0
84242f42bc,0
abbfb56731,1
feb90d8376,1
b2958f2747,1
9c6f8e4676,0
963210b127,1
aeb36c1964,1
499560e566,0
547c9d83fd,1
d30ad7d936,1
b6ebc3831e,1
29beb70925,1
7134e4acac,1
d4033ae7f2,0
077cb8696f,0
c7a92a6707,0
53e17edd83,1
1d2cd614be,0
39dd1c43bd,0
62e72fe39a,0
dd11ae96e3,1
3072ae3119,1
23e1bb3ee8,1
2b1e71c2a3,1
a4932322ce,1
d5afcea9a2,1
361d5e6834,1
0deadce8f1,1
9539d280a6,1
0f02cec809,1
30491b379f,1
1f50bc7a9f,0
a2a012f128,1
3480629331,0
5d07e84138,1
de261976e6,1
4f02bab289,1
6957579961,1
2444e83809,1
46c1a0e9a3,0
b240582de8,1
eb23ddad08,1
2101c21f75,1
7ec803b58a,1
7e26f45eb9,0
22fdf96a54,1
c0cbdabcc3,1
e2810cc777,1
e12cd094a6,1
49336bb17b,1
ba045610d1,1
97adf32d4d,1
a5d188bbd7,1
5c0cde01b7,1
230226a446,0
a149b73993,0
6c40978ddf,1
1e5e713964,1
dca3f5ce34,0
289af097b0,1
67d3486ac8,1
9ccf9ff1c3,0
32887c2719,1
a8e4e6ddec,0
c09f4e95e8,1
4319885cf1,0
6558dcde17,0
b91a91adc5,1
d14ad5cb55,0
97a653e83c,1
a3e89a273d,1
843f9892ef,1
accb644c9e,1
7d87ab4aa8,0
f7d4d6fb0d,0
0eb52aa52a,1
ce9c3510a8,0
4776354474,1
25d24d4554,0
086deb3ccb,0
e4d2bf6036,0
08640ede7a,1
4f105993c5,1
9dde6475f9,1
e185ab5dc1,1
38063f77a8,1
938d11586e,0
73f58ba609,0
429b289e07,1
a653a50dc4,0
5a02df7676,1
6760543d8f,0
ad2fa649f7,1
e9ce8188b9,1
a959b2372a,0
ef406bff03,0
8c916f9cb5,1
efe3043924,1
81c77c1b6c,1
7c99d1c1eb,0
fd9db12ca0,0
a6ba9b9f91,1
83967f4314,1
03a9a9f615,1
2b39f9a88f,0
01c2045d03,0
557feaaf65,0
7ec97427ca,0
1751290ca2,1
396ae389d8,0
3c66e5ab54,0
af171a3570,1
be2dd1db16,0
a562619124,1
d0eb51a04f,1
70c92bc80f,0
6dc7a51dd9,0
fbc98aedc0,1
9b450671aa,0
9511856b03,1
0108518d1e,1
c78996aa02,1
f7e8060b57,1
05b69f83bf,0
fb47e8e74e,1
4c43d99f68,1
93196366e1,1
16207869ba,1
44d745a704,1
711c478c93,0
84e23dba29,1
e73532b450,0
8329ec9395,1
7e7276d088,1
0e63d9a8b4,1
1d80de2ec9,0
919bc0e2ba,1
5cada3d3f1,0
0530b67189,1
fb44090bc7,0
3c1ed5cc1f,0
c7f54785b8,1
158765ed16,1
3ff3881428,0
e8d8b35601,1
a7cfa30d35,1
917ef84e64,0
633c7d5c80,0
30082e87d9,1
f139be21a4,0
ac931ace49,1
cb36193e2f,1
9cbd5ddba4,0
caa039b231,1
1306fcee4c,0
48d81e93d9,1
edf1e6ac00,0
